epoch,accuracy,loss,val_accuracy,val_loss
0,0.19824219,2.1590050738304853,0.29464287,1.9669964483806066
1,0.36816406,1.7410084661096334,0.5625,1.4440021003995622
