epoch,accuracy,loss,val_accuracy,val_loss
0,0.3958333432674408,1.6769458055496216,0.625,1.1900074481964111
1,0.7413194179534912,0.9228217005729675,0.7578125,0.8368486166000366
2,0.8350694179534912,0.6329742670059204,0.828125,0.6942646503448486
3,0.8880208134651184,0.4653857946395874,0.859375,0.5436592102050781
4,0.9236111044883728,0.3417181372642517,0.875,0.4703327417373657
5,0.9539930820465088,0.28213703632354736,0.890625,0.4489744305610657
6,0.96875,0.2299293875694275,0.9140625,0.38280224800109863
7,0.9826388955116272,0.17747408151626587,0.921875,0.3396981358528137
