epoch,accuracy,loss,val_accuracy,val_loss
0,0.29101562,1.9368762914091349,0.49107143,1.600117836679731
1,0.5410156,1.329103727824986,0.5625,1.1957563672746931
2,0.68847656,0.9997833240777254,0.6964286,0.9980640241077968
3,0.7705078,0.791319664567709,0.71428573,0.8224721380642482
