epoch,accuracy,loss,val_accuracy,val_loss
0,0.4557291567325592,1.5647531747817993,0.6796875,1.0939487218856812
1,0.7829861044883728,0.7867996096611023,0.7890625,0.7798664569854736
2,0.8723958134651184,0.5168218612670898,0.78125,0.7349932789802551
3,0.9079861044883728,0.38693663477897644,0.8203125,0.626288652420044
4,0.9461805820465088,0.2926805913448334,0.8515625,0.6554898023605347
